id,title,description,link,image_link,price,availability,condition,brand,google_product_category,additional_image_link
4579931064,"Pyrite, Huanzala Mine Peru, 1 kg, 9 x 7 x 10 cm | Collector Grade | Cabinet","A self-standing, cabinet size, collection piece of euhedral octahedral pyrite. Collected from Huanzala Mine, Ancash, Peru, this pieces is 9 x 7 x 10 cm and weighs 1024 grams. It is an excellent example of one of pyrites multiple crystal habits and is an excellent addition to any collection!",https://shop.hunterrockandmineral.com/piece/4579931064/,https://i.etsystatic.com/41028267/r/il/511891/8558137138/il_1140xN.8558137138_c6ii.jpg,75.00 USD,in stock,new,Hunter Rock and Mineral,Arts & Entertainment > Hobbies & Creative Arts > Collectibles > Rocks & Fossils,"https://i.etsystatic.com/41028267/r/il/7329f0/8605995283/il_1140xN.8605995283_9kvj.jpg,https://i.etsystatic.com/41028267/r/il/7e3812/8605995383/il_1140xN.8605995383_5lzr.jpg,https://i.etsystatic.com/41028267/r/il/12cc07/8605995539/il_1140xN.8605995539_79be.jpg"
4579930186,"Pyrite, Huanzala Mine Peru, 816 g, 11 x 6 x 7 cm | Collector Grade | Cabinet","A self-standing, cabinet size, collection piece of euhedral octahedral pyrite. Collected from Huanzala Mine, Ancash, Peru, this pieces is 11 x 6 x 7 cm and weighs 816 grams. It is an excellent example of one of pyrites multiple crystal habits and is an excellent addition to any collection!",https://shop.hunterrockandmineral.com/piece/4579930186/,https://i.etsystatic.com/41028267/r/il/bc1f6c/8558133080/il_1140xN.8558133080_ivjd.jpg,75.00 USD,in stock,new,Hunter Rock and Mineral,Arts & Entertainment > Hobbies & Creative Arts > Collectibles > Rocks & Fossils,"https://i.etsystatic.com/41028267/r/il/8238f5/8558130782/il_1140xN.8558130782_qsse.jpg,https://i.etsystatic.com/41028267/r/il/72cebf/8558130854/il_1140xN.8558130854_9gd9.jpg,https://i.etsystatic.com/41028267/r/il/b1ba59/8605989131/il_1140xN.8605989131_qq3l.jpg"
4579928837,"Almandine Garnet with Graphite and Dravite, Red Embers Mine Massachusetts, 285 g, 28 x 14 x 1 cm | Museum Grade | Large Cabinet","A museum grade specimen of transparent red garnets strewn in a matrix of graphite that measures 28 x 14 x 1 cm and weighs 285 grams. The garnets have been exfoliated by hand so they can be lit from behind. This large cabinet specimen was collected from Red Embers Mine, Erving, Massachusetts, USA, a world-unique location, and will make an incredible, eye catching addition to any collection.",https://shop.hunterrockandmineral.com/piece/4579928837/,https://i.etsystatic.com/41028267/r/il/ff3349/8558243836/il_1140xN.8558243836_7xlh.jpg,1800.00 USD,in stock,new,Hunter Rock and Mineral,Arts & Entertainment > Hobbies & Creative Arts > Collectibles > Rocks & Fossils,"https://i.etsystatic.com/41028267/r/il/8f0413/8606100941/il_1140xN.8606100941_gb61.jpg,https://i.etsystatic.com/41028267/r/il/459576/8558244014/il_1140xN.8558244014_tcf7.jpg,https://i.etsystatic.com/41028267/r/il/22f3a3/8606101421/il_1140xN.8606101421_fjp5.jpg"
4579928740,"Pyrite, Huanzala Mine Peru, 741 g, 9 x 7 x 6 cm | Collector Grade | Cabinet","A self-standing, cabinet size, collection piece of euhedral octahedral pyrite. Collected from Huanzala Mine, Ancash, Peru, this pieces is 9 x 7 x 6 cm and weighs 741 grams. It is an excellent example of one of pyrites multiple crystal habits and is an excellent addition to any collection!",https://shop.hunterrockandmineral.com/piece/4579928740/,https://i.etsystatic.com/41028267/r/il/f7e974/8558119558/il_1140xN.8558119558_8bxr.jpg,75.00 USD,in stock,new,Hunter Rock and Mineral,Arts & Entertainment > Hobbies & Creative Arts > Collectibles > Rocks & Fossils,"https://i.etsystatic.com/41028267/r/il/e49120/8605977527/il_1140xN.8605977527_6k03.jpg,https://i.etsystatic.com/41028267/r/il/4e64a2/8558119764/il_1140xN.8558119764_swix.jpg,https://i.etsystatic.com/41028267/r/il/683a37/8558119854/il_1140xN.8558119854_ghym.jpg"
4579922624,"Pyrite, Huanzala Mine Peru, 941 g, 11 x 9 x 6 cm | Collector Grade | Cabinet","A self-standing, cabinet size, collection piece of euhedral octahedral pyrite. Collected from Huanzala Mine, Ancash, Peru, this pieces is 11 x 9 x 6 cm and weighs 941 grams. It is an excellent example of one of pyrites multiple crystal habits and is an excellent addition to any collection!",https://shop.hunterrockandmineral.com/piece/4579922624/,https://i.etsystatic.com/41028267/r/il/92cc6f/8558074292/il_1140xN.8558074292_47xv.jpg,95.00 USD,in stock,new,Hunter Rock and Mineral,Arts & Entertainment > Hobbies & Creative Arts > Collectibles > Rocks & Fossils,"https://i.etsystatic.com/41028267/r/il/b6f517/8605932329/il_1140xN.8605932329_i9qf.jpg,https://i.etsystatic.com/41028267/r/il/c30bf9/8605932425/il_1140xN.8605932425_7wxh.jpg,https://i.etsystatic.com/41028267/r/il/d7e623/8605932691/il_1140xN.8605932691_16a2.jpg"
4579918960,"Pyrite, Huanzala Mine Peru, 1.7 kg, 11 x 10 x 10 cm | Collector Grade | Cabinet","A self-standing, cabinet size, collection piece of euhedral octahedral pyrite. Collected from Huanzala Mine, Ancash, Peru, this pieces is 11 x 10 x 10 cm and weighs 1713 grams. It is an excellent example of one of pyrites multiple crystal habits and is an excellent addition to any collection!",https://shop.hunterrockandmineral.com/piece/4579918960/,https://i.etsystatic.com/41028267/r/il/764676/8558061622/il_1140xN.8558061622_ryev.jpg,95.00 USD,in stock,new,Hunter Rock and Mineral,Arts & Entertainment > Hobbies & Creative Arts > Collectibles > Rocks & Fossils,"https://i.etsystatic.com/41028267/r/il/c7c5a0/8605906569/il_1140xN.8605906569_8t8v.jpg,https://i.etsystatic.com/41028267/r/il/eeb6c4/8558048754/il_1140xN.8558048754_40ko.jpg,https://i.etsystatic.com/41028267/r/il/7edbe1/8605907005/il_1140xN.8605907005_cp7r.jpg"
4579915783,"Pyrite, Huanzala Mine Peru, 741 g, 7 x 7 x 9 cm | Collector Grade | Cabinet","A self-standing, cabinet size, collection piece of euhedral octahedral pyrite. Collected from Huanzala Mine, Ancash, Peru, this pieces is 7 x 7 x 9 cm and weighs 741 grams. It is an excellent example of one of pyrites multiple crystal habits and is an excellent addition to any collection!",https://shop.hunterrockandmineral.com/piece/4579915783/,https://i.etsystatic.com/41028267/r/il/686e09/8558146202/il_1140xN.8558146202_a8gn.jpg,75.00 USD,in stock,new,Hunter Rock and Mineral,Arts & Entertainment > Hobbies & Creative Arts > Collectibles > Rocks & Fossils,"https://i.etsystatic.com/41028267/r/il/831569/8606004037/il_1140xN.8606004037_8kki.jpg,https://i.etsystatic.com/41028267/r/il/66a985/8606004151/il_1140xN.8606004151_n5l3.jpg,https://i.etsystatic.com/41028267/r/il/4f826b/8558146492/il_1140xN.8558146492_eewt.jpg"
4579907953,"Pyrite, Huanzala Mine Peru, 1.2 kg, 10 x 9 x 12 cm | Collector Grade | Large Cabinet","A self-standing, large cabinet size, collection piece of euhedral octahedral pyrite. Collected from Huanzala Mine, Ancash, Peru, this pieces is 10 x 9 x 12 cm and weighs 1242 grams. It is an excellent example of one of pyrites multiple crystal habits and is an excellent addition to any collection!",https://shop.hunterrockandmineral.com/piece/4579907953/,https://i.etsystatic.com/41028267/r/il/b4a47f/8558093518/il_1140xN.8558093518_lp1q.jpg,95.00 USD,in stock,new,Hunter Rock and Mineral,Arts & Entertainment > Hobbies & Creative Arts > Collectibles > Rocks & Fossils,"https://i.etsystatic.com/41028267/r/il/b84263/8558089288/il_1140xN.8558089288_lu2d.jpg,https://i.etsystatic.com/41028267/r/il/8bb479/8605947499/il_1140xN.8605947499_dy8r.jpg,https://i.etsystatic.com/41028267/r/il/5af6e4/8605947599/il_1140xN.8605947599_t0qq.jpg"
4579900015,"Barite, Huamalies Province Peru, 289 g, 12 x 8 x 6 cm | Collector Grade | Large Cabinet","A collection grade, large cabinet size piece of euhedral, blades of Barite (Baryte) on matrix. Collected from Huamalies Province, Peru, this piece measures 12 x 8 x 6 cm and weighs 289 grams and is an excellent example of this crystal habit of barite to add to any collection!",https://shop.hunterrockandmineral.com/piece/4579900015/,https://i.etsystatic.com/41028267/r/il/d89e4b/8558117666/il_1140xN.8558117666_6oaa.jpg,125.00 USD,in stock,new,Hunter Rock and Mineral,Arts & Entertainment > Hobbies & Creative Arts > Collectibles > Rocks & Fossils,"https://i.etsystatic.com/41028267/r/il/6b51f2/8605888731/il_1140xN.8605888731_991a.jpg,https://i.etsystatic.com/41028267/r/il/eb66a1/8558030478/il_1140xN.8558030478_hisg.jpg,https://i.etsystatic.com/41028267/r/il/fb1c8b/8558030558/il_1140xN.8558030558_erlq.jpg"
4579898533,"Almandine Garnet with Graphite, Red Embers Mine Massachusetts, 91 g, 11 x 9 x 1 cm | Collector Grade | Cabinet","A collection grade specimen of transparent red garnets strewn in a matrix of graphite that measures 11 x 9 x 1 cm and weighs 91 grams. The garnets have been exfoliated by hand so they can be lit from behind. This cabinet specimen was collected from Red Embers Mine, Erving, Massachusetts, USA, a world-unique location, and will make an incredible, eye catching addition to any collection.",https://shop.hunterrockandmineral.com/piece/4579898533/,https://i.etsystatic.com/41028267/r/il/dcb9e5/8558020086/il_1140xN.8558020086_7ytp.jpg,165.00 USD,in stock,new,Hunter Rock and Mineral,Arts & Entertainment > Hobbies & Creative Arts > Collectibles > Rocks & Fossils,"https://i.etsystatic.com/41028267/r/il/e51d2f/8558020208/il_1140xN.8558020208_kv8f.jpg,https://i.etsystatic.com/41028267/r/il/8cbd77/8605878793/il_1140xN.8605878793_1yiq.jpg,https://i.etsystatic.com/41028267/r/il/7a80f8/8605878889/il_1140xN.8605878889_79zy.jpg"
4579897217,"Barite, Huamalies Province Peru, 212 g, 13 x 6 x 5 cm | Museum Grade | Large Cabinet","A museum grade, large cabinet size piece of euhedral, blades of Barite (Baryte) on matrix. Collected from Huamalies Province, Peru, this piece measures 13 x 6 x 5 cm and weighs 212 grams and is an excellent example of this crystal habit of barite to add to any collection!",https://shop.hunterrockandmineral.com/piece/4579897217/,https://i.etsystatic.com/41028267/r/il/99aac5/8558011188/il_1140xN.8558011188_grrt.jpg,175.00 USD,in stock,new,Hunter Rock and Mineral,Arts & Entertainment > Hobbies & Creative Arts > Collectibles > Rocks & Fossils,"https://i.etsystatic.com/41028267/r/il/ae541e/8605869837/il_1140xN.8605869837_izw2.jpg,https://i.etsystatic.com/41028267/r/il/6fb70e/8558011356/il_1140xN.8558011356_tpjo.jpg,https://i.etsystatic.com/41028267/r/il/28879e/8605869985/il_1140xN.8605869985_qoij.jpg"
4579863488,"Barite, Huamalies Province Peru, 911 g, 13 x 12 x 8 cm | Collector Grade | Large Cabinet","A collection grade, large cabinet size piece of euhedral, blades of Barite (Baryte) on matrix. Collected from Huamalies Province, Peru, this piece measures 13 x 12 x 8 cm and weighs 911 grams and is an excellent example of this crystal habit of barite to add to any collection!",https://shop.hunterrockandmineral.com/piece/4579863488/,https://i.etsystatic.com/41028267/r/il/9f2661/8558107070/il_1140xN.8558107070_dli9.jpg,225.00 USD,in stock,new,Hunter Rock and Mineral,Arts & Entertainment > Hobbies & Creative Arts > Collectibles > Rocks & Fossils,"https://i.etsystatic.com/41028267/r/il/db7dfb/8605502099/il_1140xN.8605502099_8b6q.jpg,https://i.etsystatic.com/41028267/r/il/fb09d8/8605502221/il_1140xN.8605502221_shtg.jpg,https://i.etsystatic.com/41028267/r/il/a28a4b/8557642568/il_1140xN.8557642568_attx.jpg"
4579861964,"Barite, Huamalies Province Peru, 601 g, 15 x 11 x 8 cm | Collector Grade | Large Cabinet","A collection grade, large cabinet size piece of euhedral, blades of Barite (Baryte) on matrix. Collected from Huamalies Province, Peru, this piece measures 15 x 11 x 8 cm and weighs 601 grams and is an excellent example of this crystal habit of barite to add to any collection!",https://shop.hunterrockandmineral.com/piece/4579861964/,https://i.etsystatic.com/41028267/r/il/cb5f01/8605491005/il_1140xN.8605491005_am6d.jpg,225.00 USD,in stock,new,Hunter Rock and Mineral,Arts & Entertainment > Hobbies & Creative Arts > Collectibles > Rocks & Fossils,"https://i.etsystatic.com/41028267/r/il/00fd66/8557631238/il_1140xN.8557631238_awoj.jpg,https://i.etsystatic.com/41028267/r/il/5b05f7/8557631372/il_1140xN.8557631372_24mu.jpg,https://i.etsystatic.com/41028267/r/il/46f8c9/8557631480/il_1140xN.8557631480_seka.jpg"
4579118658,"Almandine Garnet with Graphite and Dravite, Red Embers Mine Massachusetts, 135 g, 16 x 8 x 1 cm | Collector Grade | Large Cabinet","A collection grade specimen of transparent red garnets strewn in a matrix of graphite that measures 16 x 8 x 1 cm and weighs 135 grams. The garnets have been exfoliated by hand so they can be lit from behind. This large cabinet specimen was collected from Red Embers Mine, Erving, Massachusetts, USA, a world-unique location, and will make an incredible, eye catching addition to any collection.",https://shop.hunterrockandmineral.com/piece/4579118658/,https://i.etsystatic.com/41028267/r/il/f91760/8599913185/il_1140xN.8599913185_g6rn.jpg,195.00 USD,in stock,new,Hunter Rock and Mineral,Arts & Entertainment > Hobbies & Creative Arts > Collectibles > Rocks & Fossils,"https://i.etsystatic.com/41028267/r/il/09fd3a/8552044202/il_1140xN.8552044202_413r.jpg,https://i.etsystatic.com/41028267/r/il/9fc1f2/8552044290/il_1140xN.8552044290_ifb8.jpg,https://i.etsystatic.com/41028267/r/il/70a2f3/8599913103/il_1140xN.8599913103_j51f.jpg"
4579117550,"Almandine Garnet with Graphite, Red Embers Mine Massachusetts, 120 g, 13 x 8 x 2 cm | Collector Grade | Large Cabinet","A collection grade specimen of transparent red garnets strewn in a matrix of graphite that measures 13 x 8 x 2 cm and weighs 120 grams. The garnets have been exfoliated by hand so they can be lit from behind. This large cabinet specimen was collected from Red Embers Mine, Erving, Massachusetts, USA, a world-unique location, and will make an incredible, eye catching addition to any collection.",https://shop.hunterrockandmineral.com/piece/4579117550/,https://i.etsystatic.com/41028267/r/il/6836ae/8552036166/il_1140xN.8552036166_h189.jpg,300.00 USD,in stock,new,Hunter Rock and Mineral,Arts & Entertainment > Hobbies & Creative Arts > Collectibles > Rocks & Fossils,"https://i.etsystatic.com/41028267/r/il/bbac2e/8552036238/il_1140xN.8552036238_g34j.jpg,https://i.etsystatic.com/41028267/r/il/3503d1/8552036326/il_1140xN.8552036326_kpjh.jpg,https://i.etsystatic.com/41028267/r/il/069bb9/8552036464/il_1140xN.8552036464_olsc.jpg"
4579111957,"Fluorite, Huanggang Mine China, 1.4 kg, 25 x 11 x 8 cm | Statement Piece | Large Cabinet","A statement grade large cabinet size piece of blueberry fluorite on quartz from Huanggang Mine, Inner Mongolia, China. This piece is 25 x 11 x 8 cm and weighs 1442 grams. The signature deep blue fluorite crystals preferentially cover half the faces of the underlying quartz, making this an eye catching and unique statement piece to display.",https://shop.hunterrockandmineral.com/piece/4579111957/,https://i.etsystatic.com/41028267/r/il/e0ac7c/8552124212/il_1140xN.8552124212_g5gj.jpg,475.00 USD,in stock,new,Hunter Rock and Mineral,Arts & Entertainment > Hobbies & Creative Arts > Collectibles > Rocks & Fossils,"https://i.etsystatic.com/41028267/r/il/e78b0d/8552124874/il_1140xN.8552124874_2vns.jpg,https://i.etsystatic.com/41028267/r/il/89a9cb/8552124312/il_1140xN.8552124312_prbx.jpg,https://i.etsystatic.com/41028267/r/il/ad554b/8599992951/il_1140xN.8599992951_2ftk.jpg"
4579102737,"Almandine Garnet with Graphite, Red Embers Mine Massachusetts, 125 g, 15 x 8 x 1 cm | Collector Grade | Large Cabinet","A collection grade specimen of transparent red garnets strewn in a matrix of graphite that measures 15 x 8 x 1 cm and weighs 125 grams. The garnets have been exfoliated by hand so they can be lit from behind. This large cabinet specimen was collected from Red Embers Mine, Erving, Massachusetts, USA, a world-unique location, and will make an incredible, eye catching addition to any collection.",https://shop.hunterrockandmineral.com/piece/4579102737/,https://i.etsystatic.com/41028267/r/il/0d3d9a/8552055692/il_1140xN.8552055692_849u.jpg,145.00 USD,in stock,new,Hunter Rock and Mineral,Arts & Entertainment > Hobbies & Creative Arts > Collectibles > Rocks & Fossils,"https://i.etsystatic.com/41028267/r/il/cd72f0/8552055766/il_1140xN.8552055766_7i48.jpg,https://i.etsystatic.com/41028267/r/il/efc550/8599924965/il_1140xN.8599924965_rqat.jpg,https://i.etsystatic.com/41028267/r/il/630ab2/8599925061/il_1140xN.8599925061_b0w7.jpg"
4574677172,"Selenite, Naica Mine, Chihuahua, Mexico, 975 g, 14 x 11 x 5 cm | Collector Grade | Large Cabinet","A collection piece of vitreous, euhedral and geometric Selenite with visible inclusions from the renowned locality, Naica Mine, Saucillo, Chihuahua, Mexico. This large cabinet size piece is 14 x 11 x 5 cm and weighs 975 grams, and is an incredible addition to any collection or an eye catching statement piece in any home.",https://shop.hunterrockandmineral.com/piece/4574677172/,https://i.etsystatic.com/41028267/r/il/8781b5/8518893976/il_1140xN.8518893976_mvc9.jpg,375.00 USD,in stock,new,Hunter Rock and Mineral,Arts & Entertainment > Hobbies & Creative Arts > Collectibles > Rocks & Fossils,"https://i.etsystatic.com/41028267/r/il/6823b4/8566764817/il_1140xN.8566764817_3sm6.jpg,https://i.etsystatic.com/41028267/r/il/672599/8566764885/il_1140xN.8566764885_9gqj.jpg,https://i.etsystatic.com/41028267/r/il/c24f2c/8518894200/il_1140xN.8518894200_5mvw.jpg"
4574675798,"Selenite, Naica Mine, Mexico, 2.9 kg, 29 x 19 x 12 cm | Statement Piece | Large Cabinet","A statement piece of vitreous, euhedral and geometric Selenite with visible inclusions from the renowned locality, Naica Mine, Saucillo, Chihuahua, Mexico. This large cabinet size piece is 29 x 19 x 12 cm and weighs 2930 grams, and is an incredible addition to any collection or an eye catching statement piece in any home.",https://shop.hunterrockandmineral.com/piece/4574675798/,https://i.etsystatic.com/41028267/r/il/43dc37/8518884584/il_1140xN.8518884584_s5p9.jpg,600.00 USD,in stock,new,Hunter Rock and Mineral,Arts & Entertainment > Hobbies & Creative Arts > Collectibles > Rocks & Fossils,"https://i.etsystatic.com/41028267/r/il/f9869a/8518884636/il_1140xN.8518884636_wmue.jpg,https://i.etsystatic.com/41028267/r/il/c9c90b/8518884686/il_1140xN.8518884686_7s6y.jpg,https://i.etsystatic.com/41028267/r/il/45b9ff/8566755257/il_1140xN.8566755257_ksiz.jpg"
4574674432,"Selenite, Naica Mine, Chihuahua, Mexico, 1.3 kg, 14 x 13 x 20 cm | Museum Grade | Large Cabinet","A museum piece of vitreous, euhedral and geometric Selenite with visible inclusions from the renowned locality, Naica Mine, Saucillo, Chihuahua, Mexico. This large cabinet size piece is 14 x 13 x 20 cm and weighs 1335 grams, and is an incredible addition to any collection or an eye catching statement piece in any home.",https://shop.hunterrockandmineral.com/piece/4574674432/,https://i.etsystatic.com/41028267/r/il/3e96b8/8566745025/il_1140xN.8566745025_lrur.jpg,700.00 USD,in stock,new,Hunter Rock and Mineral,Arts & Entertainment > Hobbies & Creative Arts > Collectibles > Rocks & Fossils,"https://i.etsystatic.com/41028267/r/il/af6cd5/8566745085/il_1140xN.8566745085_8owi.jpg,https://i.etsystatic.com/41028267/r/il/d22287/8518874698/il_1140xN.8518874698_3v4x.jpg,https://i.etsystatic.com/41028267/r/il/29ebb6/8518874802/il_1140xN.8518874802_cw09.jpg"
4574606280,"Almandine Garnet with Graphite, Red Embers Mine Massachusetts, 65 g, 10 x 10 x 1 cm | Collector Grade | Cabinet","A collection grade specimen of transparent red garnets strewn in a matrix of graphite that measures 10 x 10 x 1 cm and weighs 65 grams. The garnets have been exfoliated by hand so they can be lit from behind. This cabinet specimen was collected from Red Embers Mine, Erving, Massachusetts, USA, a world-unique location, and will make an incredible, eye catching addition to any collection.",https://shop.hunterrockandmineral.com/piece/4574606280/,https://i.etsystatic.com/41028267/r/il/930477/8566268509/il_1140xN.8566268509_mva5.jpg,225.00 USD,in stock,new,Hunter Rock and Mineral,Arts & Entertainment > Hobbies & Creative Arts > Collectibles > Rocks & Fossils,"https://i.etsystatic.com/41028267/r/il/b03627/8566268675/il_1140xN.8566268675_s0g2.jpg,https://i.etsystatic.com/41028267/r/il/bfcaa4/8566268815/il_1140xN.8566268815_iscg.jpg,https://i.etsystatic.com/41028267/r/il/b87cf8/8518400144/il_1140xN.8518400144_ojmn.jpg"
4574592503,"Grape Agate, Mamuju Indonesia, 370 g, 17 x 11 x 6 cm | Collector Grade | Large Cabinet","A collection grade, large cabinet size piece of grape agate collected in Mamuju, Indonesia, weighing 370 grams. The unique shapes and colors make it an eye-catching piece that is an excellent conversation starter or addition to any collection!",https://shop.hunterrockandmineral.com/piece/4574592503/,https://i.etsystatic.com/41028267/r/il/6a9665/8518428664/il_1140xN.8518428664_19js.jpg,130.00 USD,in stock,new,Hunter Rock and Mineral,Arts & Entertainment > Hobbies & Creative Arts > Collectibles > Rocks & Fossils,"https://i.etsystatic.com/41028267/r/il/086164/8518428740/il_1140xN.8518428740_g0ww.jpg,https://i.etsystatic.com/41028267/r/il/a20e2d/8518428828/il_1140xN.8518428828_4olb.jpg,https://i.etsystatic.com/41028267/r/il/90693f/8566297509/il_1140xN.8566297509_god0.jpg"
4574586781,"Grape Agate, Mamuju Indonesia, 1.5 kg, 29 x 12 x 8 cm | Statement Piece | Large Cabinet","A statement grade, large cabinet size piece of grape agate collected in Mamuju, Indonesia, weighing 1535 grams. The unique shapes and colors make it an eye-catching piece that is an excellent conversation starter or addition to any collection!",https://shop.hunterrockandmineral.com/piece/4574586781/,https://i.etsystatic.com/41028267/r/il/5613d6/8518389734/il_1140xN.8518389734_onze.jpg,275.00 USD,in stock,new,Hunter Rock and Mineral,Arts & Entertainment > Hobbies & Creative Arts > Collectibles > Rocks & Fossils,"https://i.etsystatic.com/41028267/r/il/184e9f/8518389824/il_1140xN.8518389824_6hz4.jpg,https://i.etsystatic.com/41028267/r/il/e237d5/8518389908/il_1140xN.8518389908_8ayh.jpg,https://i.etsystatic.com/41028267/r/il/a80287/8518389990/il_1140xN.8518389990_83yc.jpg"
4574585625,"Almandine Garnet with Graphite and Dravite, Red Embers Mine Massachusetts, 150 g, 16 x 9 x 1 cm | Large Cabinet","A statement piece grade specimen of transparent red garnets strewn in a matrix of graphite that measures 16 x 9 x 1 cm and weighs 150 grams. The garnets have been exfoliated by hand so they can be lit from behind. This large cabinet specimen was collected from Red Embers Mine, Erving, Massachusetts, USA, a world-unique location, and will make an incredible, eye catching addition to any collection.",https://shop.hunterrockandmineral.com/piece/4574585625/,https://i.etsystatic.com/41028267/r/il/847f93/8518381270/il_1140xN.8518381270_t6m9.jpg,570.00 USD,in stock,new,Hunter Rock and Mineral,Arts & Entertainment > Hobbies & Creative Arts > Collectibles > Rocks & Fossils,"https://i.etsystatic.com/41028267/r/il/4652e5/8518381414/il_1140xN.8518381414_pooj.jpg,https://i.etsystatic.com/41028267/r/il/c7afc8/8566250463/il_1140xN.8566250463_8be7.jpg,https://i.etsystatic.com/41028267/r/il/f646bc/8518381688/il_1140xN.8518381688_4fv6.jpg"
4574583413,"Almandine Garnet with Graphite and Dravite, Red Embers Mine Massachusetts, 385 g, 22 x 17 x 1 cm | Statement Piece | Large Cabinet","A statement grade specimen of transparent red garnets strewn in a matrix of graphite that measures 22 x 17 x 1 cm and weighs 385 grams. The garnets have been exfoliated by hand so they can be lit from behind. This large cabinet specimen was collected from Red Embers Mine, Erving, Massachusetts, USA, a world-unique location, and will make an incredible, eye catching addition to any collection.",https://shop.hunterrockandmineral.com/piece/4574583413/,https://i.etsystatic.com/41028267/r/il/e13637/8518365160/il_1140xN.8518365160_eia7.jpg,1275.00 USD,in stock,new,Hunter Rock and Mineral,Arts & Entertainment > Hobbies & Creative Arts > Collectibles > Rocks & Fossils,"https://i.etsystatic.com/41028267/r/il/6b4fa8/8566234679/il_1140xN.8566234679_dchd.jpg,https://i.etsystatic.com/41028267/r/il/61cdb2/8518365454/il_1140xN.8518365454_adnb.jpg,https://i.etsystatic.com/41028267/r/il/55ed9e/8518365608/il_1140xN.8518365608_kwe4.jpg"
4574570123,"Almandine Garnet with Graphite, Red Embers Mine Massachusetts, 470 g, 24 x 16 x 1 cm | Statement Piece | Large Cabinet","A statement grade specimen of transparent red garnets strewn in a matrix of graphite that measures 24 x 16 x 1 cm and weighs 470 grams. The garnets have been exfoliated by hand so they can be lit from behind. This large cabinet specimen was collected from Red Embers Mine, Erving, Massachusetts, USA, a world-unique location, and will make an incredible, eye catching addition to any collection.",https://shop.hunterrockandmineral.com/piece/4574570123/,https://i.etsystatic.com/41028267/r/il/21d03f/8566140141/il_1140xN.8566140141_se26.jpg,1425.00 USD,in stock,new,Hunter Rock and Mineral,Arts & Entertainment > Hobbies & Creative Arts > Collectibles > Rocks & Fossils,"https://i.etsystatic.com/41028267/r/il/d483cd/8518269844/il_1140xN.8518269844_mft2.jpg,https://i.etsystatic.com/41028267/r/il/1a7492/8518269996/il_1140xN.8518269996_m3ft.jpg,https://i.etsystatic.com/41028267/r/il/7a7518/8518270178/il_1140xN.8518270178_8ogm.jpg"
4574559925,"Grape Agate, Mamuju Indonesia, 995 g, 27 x 9 x 9 cm | Collector Grade | Large Cabinet","A collection grade, large cabinet size piece of grape agate collected in Mamuju, Indonesia, weighing 995 grams. The unique shapes and colors make it an eye-catching piece that is an excellent conversation starter or addition to any collection!",https://shop.hunterrockandmineral.com/piece/4574559925/,https://i.etsystatic.com/41028267/r/il/ac50fe/8518196748/il_1140xN.8518196748_j9jt.jpg,275.00 USD,in stock,new,Hunter Rock and Mineral,Arts & Entertainment > Hobbies & Creative Arts > Collectibles > Rocks & Fossils,"https://i.etsystatic.com/41028267/r/il/646c9e/8518196864/il_1140xN.8518196864_crdk.jpg,https://i.etsystatic.com/41028267/r/il/635c00/8566066459/il_1140xN.8566066459_q8wm.jpg,https://i.etsystatic.com/41028267/r/il/f664b1/8566066531/il_1140xN.8566066531_kh1g.jpg"
4574553567,"Grape Agate, Mamuju Indonesia, 1.3 kg, 25 x 13 x 8 cm | Collector Grade | Large Cabinet","A collection grade, large cabinet size piece of grape agate collected in Mamuju, Indonesia, weighing 1334 grams. The unique shapes and colors make it an eye-catching piece that is an excellent conversation starter or addition to any collection!",https://shop.hunterrockandmineral.com/piece/4574553567/,https://i.etsystatic.com/41028267/r/il/ef8987/8566021427/il_1140xN.8566021427_k96e.jpg,275.00 USD,in stock,new,Hunter Rock and Mineral,Arts & Entertainment > Hobbies & Creative Arts > Collectibles > Rocks & Fossils,"https://i.etsystatic.com/41028267/r/il/ea268c/8566021497/il_1140xN.8566021497_3d75.jpg,https://i.etsystatic.com/41028267/r/il/cab05d/8518152018/il_1140xN.8518152018_7ozi.jpg,https://i.etsystatic.com/41028267/r/il/e751ca/8566021639/il_1140xN.8566021639_kc31.jpg"
4574552844,"Almandine Garnet with Graphite and Dravite, Red Embers Mine Massachusetts, 220 g, 15 x 13 x 1 cm | Museum Grade | Large Cabinet","A museum grade specimen of transparent red garnets strewn in a matrix of graphite that measures 15 x 13 x 1 cm and weighs 220 grams. The garnets have been exfoliated by hand so they can be lit from behind. This large cabinet specimen was collected from Red Embers Mine, Erving, Massachusetts, USA, a world-unique location, and will make an incredible, eye catching addition to any collection.",https://shop.hunterrockandmineral.com/piece/4574552844/,https://i.etsystatic.com/41028267/r/il/a36410/8518012444/il_1140xN.8518012444_evfu.jpg,1350.00 USD,in stock,new,Hunter Rock and Mineral,Arts & Entertainment > Hobbies & Creative Arts > Collectibles > Rocks & Fossils,"https://i.etsystatic.com/41028267/r/il/2371a2/8565881029/il_1140xN.8565881029_dlic.jpg,https://i.etsystatic.com/41028267/r/il/7a9dc1/8518012106/il_1140xN.8518012106_ctll.jpg,https://i.etsystatic.com/41028267/r/il/13c9bf/8518012218/il_1140xN.8518012218_pvkc.jpg"
4574549045,"Almandine Garnet with Graphite and Dravite, Red Embers Mine Massachusetts, 210 g, 16 x 14 x 1 cm | Collector Grade | Large Cabinet","A collection grade specimen of transparent red garnets strewn in a matrix of graphite that measures 16 x 14 x 1 cm and weighs 210 grams. The garnets have been exfoliated by hand so they can be lit from behind. This large cabinet specimen was collected from Red Embers Mine, Erving, Massachusetts, USA, a world-unique location, and will make an incredible, eye catching addition to any collection.",https://shop.hunterrockandmineral.com/piece/4574549045/,https://i.etsystatic.com/41028267/r/il/dd9498/8518120978/il_1140xN.8518120978_rdvs.jpg,325.00 USD,in stock,new,Hunter Rock and Mineral,Arts & Entertainment > Hobbies & Creative Arts > Collectibles > Rocks & Fossils,"https://i.etsystatic.com/41028267/r/il/7b13cc/8518120778/il_1140xN.8518120778_mfrf.jpg,https://i.etsystatic.com/41028267/r/il/9858c9/8518120892/il_1140xN.8518120892_i6bo.jpg,https://i.etsystatic.com/41028267/r/il/a1f809/8565990719/il_1140xN.8565990719_grlg.jpg"
4574538831,"Almandine Garnet with Graphite and Dravite, Red Embers Mine Massachusetts, 240 g, 17 x 12 x 1 cm | Large Cabinet","A grade specimen of transparent red garnets strewn in a matrix of graphite that measures 17 x 12 x 1 cm and weighs 240 grams. The garnets have been exfoliated by hand so they can be lit from behind. This large cabinet specimen was collected from Red Embers Mine, Erving, Massachusetts, USA, a world-unique location, and will make an incredible, eye catching addition to any collection.",https://shop.hunterrockandmineral.com/piece/4574538831/,https://i.etsystatic.com/41028267/r/il/596e18/8565916911/il_1140xN.8565916911_8l4f.jpg,630.00 USD,in stock,new,Hunter Rock and Mineral,Arts & Entertainment > Hobbies & Creative Arts > Collectibles > Rocks & Fossils,"https://i.etsystatic.com/41028267/r/il/d19322/8565917417/il_1140xN.8565917417_751s.jpg,https://i.etsystatic.com/41028267/r/il/96cc37/8565916777/il_1140xN.8565916777_3ic1.jpg,https://i.etsystatic.com/41028267/r/il/50a6bb/8518047196/il_1140xN.8518047196_s5yo.jpg"
4574318307,"Almandine Garnet with Graphite and Dravite, Red Embers Mine Massachusetts, 600 g, 29 x 19 x 1 cm | Large Cabinet","A grade specimen of transparent red garnets strewn in a matrix of graphite that measures 29 x 19 x 1 cm and weighs 600 grams. The garnets have been exfoliated by hand so they can be lit from behind. This large cabinet specimen was collected from Red Embers Mine, Erving, Massachusetts, USA, a world-unique location, and will make an incredible, eye catching addition to any collection.",https://shop.hunterrockandmineral.com/piece/4574318307/,https://i.etsystatic.com/41028267/r/il/1133c4/8516295986/il_1140xN.8516295986_o6l1.jpg,1575.00 USD,in stock,new,Hunter Rock and Mineral,Arts & Entertainment > Hobbies & Creative Arts > Collectibles > Rocks & Fossils,"https://i.etsystatic.com/41028267/r/il/f5708e/8564166947/il_1140xN.8564166947_fuuh.jpg,https://i.etsystatic.com/41028267/r/il/83556b/8564167209/il_1140xN.8564167209_9kfn.jpg,https://i.etsystatic.com/41028267/r/il/d50dd2/8516296662/il_1140xN.8516296662_rs62.jpg"
4460661452,"Fairy Forest Epidote, Hakkari Türkiye, 1.8 kg, 28 x 18 x 6 cm | Large Cabinet","With exceptional luster, this is a stunning piece of Fairy Forest Epidote with Quartz from the now famous Hakkari, Türkiye. Weighing in at 1.8 kg, this piece measures 28x18x6 cm, and will make a great addition to any collection!",https://shop.hunterrockandmineral.com/piece/4460661452/,https://i.etsystatic.com/41028267/r/il/d18d2b/7730109882/il_1140xN.7730109882_hvhd.jpg,579.00 USD,in stock,new,Hunter Rock and Mineral,Arts & Entertainment > Hobbies & Creative Arts > Collectibles > Rocks & Fossils,"https://i.etsystatic.com/41028267/r/il/5ebaae/7730109404/il_1140xN.7730109404_rqo2.jpg,https://i.etsystatic.com/41028267/r/il/c0e6b0/7778053851/il_1140xN.7778053851_kihz.jpg,https://i.etsystatic.com/41028267/r/il/555d00/7778054141/il_1140xN.7778054141_kbey.jpg"
4460653411,"Fairy Forest Epidote, Hakkari Türkiye, 5.1 kg, 32 x 18 x 8 cm | Large Cabinet","With exceptional luster and impressive size, this is a stunning piece of fairy Forest Epidote with Quartz from the now famous Hakkari, Türkiye. Weighing in at 5.1 kg, this piece measures 32x18x8 cm, and will make an eye catching center piece, or a great addition to any collection!",https://shop.hunterrockandmineral.com/piece/4460653411/,https://i.etsystatic.com/41028267/r/il/2b6ee5/7777990725/il_1140xN.7777990725_2hcn.jpg,949.00 USD,in stock,new,Hunter Rock and Mineral,Arts & Entertainment > Hobbies & Creative Arts > Collectibles > Rocks & Fossils,"https://i.etsystatic.com/41028267/r/il/e5c500/7730046382/il_1140xN.7730046382_pdlh.jpg,https://i.etsystatic.com/41028267/r/il/d8e0a4/7730046560/il_1140xN.7730046560_3zwb.jpg,https://i.etsystatic.com/41028267/r/il/e91ca9/7730046208/il_1140xN.7730046208_62wm.jpg"
4460650722,"Chrysocolla with Malachite, Democratic Republic of Congo, 615 g, 12 x 15 x 2 cm | Large Cabinet","A beautiful slab of chrysocolla on malachite that is polished on one side showing mesmerizing botryoidal growth patterns. Weighing 615 g, this piece comes from the Democratic Republic of Congo and measures approximately 12x15x2 cm.",https://shop.hunterrockandmineral.com/piece/4460650722/,https://i.etsystatic.com/41028267/r/il/c707e7/7777982051/il_1140xN.7777982051_510l.jpg,225.00 USD,in stock,new,Hunter Rock and Mineral,Arts & Entertainment > Hobbies & Creative Arts > Collectibles > Rocks & Fossils,"https://i.etsystatic.com/41028267/r/il/f99778/7730037404/il_1140xN.7730037404_6nqt.jpg,https://i.etsystatic.com/41028267/r/il/c40fc4/7777982061/il_1140xN.7777982061_snnj.jpg,https://i.etsystatic.com/41028267/r/il/1c03e2/7777982135/il_1140xN.7777982135_9k6z.jpg"
4460643865,Chrysocolla on Malachite Polished Stalactite,"A beautiful slab of chrysocolla on malachite that is polished on one side showing mesmerizing botryoidal growth patterns. Weighing 1.3 kg, this piece comes from the Democratic Republic of Congo and measures approximately 13x14x3 cm.",https://shop.hunterrockandmineral.com/piece/4460643865/,https://i.etsystatic.com/41028267/r/il/6668c0/7777976413/il_1140xN.7777976413_75w7.jpg,275.00 USD,in stock,new,Hunter Rock and Mineral,Arts & Entertainment > Hobbies & Creative Arts > Collectibles > Rocks & Fossils,"https://i.etsystatic.com/41028267/r/il/b7f690/7730031874/il_1140xN.7730031874_s77o.jpg,https://i.etsystatic.com/41028267/r/il/720c6a/7730031660/il_1140xN.7730031660_aeaz.jpg"
4460642761,"Chrysocolla with Malachite, Democratic Republic of Congo, 1.3 kg, 12 x 16 x 4 cm | Large Cabinet","A beautiful slab of chrysocolla on malachite that is polished on one side showing mesmerizing botryoidal growth patterns. Weighing 1.3 kg, this piece comes from the Democratic Republic of Congo and measures approximately 12x16x4 cm.",https://shop.hunterrockandmineral.com/piece/4460642761/,https://i.etsystatic.com/41028267/r/il/753dea/7777965993/il_1140xN.7777965993_5joa.jpg,275.00 USD,in stock,new,Hunter Rock and Mineral,Arts & Entertainment > Hobbies & Creative Arts > Collectibles > Rocks & Fossils,"https://i.etsystatic.com/41028267/r/il/44df36/7730021326/il_1140xN.7730021326_h64i.jpg,https://i.etsystatic.com/41028267/r/il/a41679/7777966083/il_1140xN.7777966083_omsn.jpg,https://i.etsystatic.com/41028267/r/il/0187d1/7730021414/il_1140xN.7730021414_jxy0.jpg"
1748390105,"Aquamarine with Fluorite and Matrix, Gilgit Province Pakistan, 2.3 kg, 27 x 17 x 9 cm | Large Cabinet","One large, euhedral, octahedral fluorite (approx. 3cm across), with numerous 2-3cm aquamarines in a bed of muscovite matrix. This piece weighs 2279 grams, measures 27 x 17 x 9 cm and was collected in the Nagar Valley, Gilgit Province, Pakistan.",https://shop.hunterrockandmineral.com/piece/1748390105/,https://i.etsystatic.com/41028267/r/il/ac18fc/6063857932/il_1140xN.6063857932_t8yi.jpg,745.00 USD,in stock,new,Hunter Rock and Mineral,Arts & Entertainment > Hobbies & Creative Arts > Collectibles > Rocks & Fossils,"https://i.etsystatic.com/41028267/r/il/304c95/6063857930/il_1140xN.6063857930_9g0e.jpg,https://i.etsystatic.com/41028267/r/il/821c78/6111924961/il_1140xN.6111924961_lh0o.jpg,https://i.etsystatic.com/41028267/r/il/07ede6/6063857940/il_1140xN.6063857940_nypc.jpg"
1748368899,"Chatoyant Malachite, Shilu Mine China, 1.5 kg, 13 x 13 x 9 cm | Museum Grade | Large Cabinet","A sculptural, museum quality piece of natural, unpolished chatoyant (catseye) malachite that catches the light from every angle - front and back! Collected in Shilu Mine, Guangdong Province, China, this piece measures 13 x 13 x 9 cm and weighs 1534 grams.",https://shop.hunterrockandmineral.com/piece/1748368899/,https://i.etsystatic.com/41028267/r/il/7620c0/6111821389/il_1140xN.6111821389_g65y.jpg,2950.00 USD,in stock,new,Hunter Rock and Mineral,Arts & Entertainment > Hobbies & Creative Arts > Collectibles > Rocks & Fossils,"https://i.etsystatic.com/41028267/r/il/a0f551/6063754304/il_1140xN.6063754304_n84g.jpg,https://i.etsystatic.com/41028267/r/il/1310f1/6063754308/il_1140xN.6063754308_5jbf.jpg,https://i.etsystatic.com/41028267/r/il/3bd3e9/6111821381/il_1140xN.6111821381_ei5o.jpg"
1742489397,"Purple Fluorite, Coahuila Mexico, 1.6 kg, 13 x 9 x 8 cm | Large Cabinet","Purple fluorite from Coahuila, Mexico. Weighing 1636 grams and measuring 13 x 9 x 8 cm, this piece is a gorgeous, light purple, light transmitting specimen is a beautiful addition to any collection.",https://shop.hunterrockandmineral.com/piece/1742489397/,https://i.etsystatic.com/41028267/r/il/66af66/6086247041/il_1140xN.6086247041_p169.jpg,145.00 USD,in stock,new,Hunter Rock and Mineral,Arts & Entertainment > Hobbies & Creative Arts > Collectibles > Rocks & Fossils,"https://i.etsystatic.com/41028267/r/il/b3752e/6086247065/il_1140xN.6086247065_qct5.jpg,https://i.etsystatic.com/41028267/r/il/29e56e/6038176754/il_1140xN.6038176754_a893.jpg,https://i.etsystatic.com/41028267/r/il/60a287/6086247077/il_1140xN.6086247077_ercb.jpg"
1727181057,"Specular Hematite with Quartz, Guangdong China, 568 g, 14 x 7 x 7 cm | Large Cabinet","A piece of specularite with etched quartz spires. Weighing 568 grams and measuring 14 x 7 x 7 cm, this piece was collected in Guangdong, China, and would make a spectacular addition to any collection.",https://shop.hunterrockandmineral.com/piece/1727181057/,https://i.etsystatic.com/41028267/r/il/c959b9/6020563253/il_1140xN.6020563253_cqsa.jpg,225.00 USD,in stock,new,Hunter Rock and Mineral,Arts & Entertainment > Hobbies & Creative Arts > Collectibles > Rocks & Fossils,"https://i.etsystatic.com/41028267/r/il/96cc63/5972483016/il_1140xN.5972483016_652r.jpg,https://i.etsystatic.com/41028267/r/il/33ebe0/5972483014/il_1140xN.5972483014_n5f7.jpg,https://i.etsystatic.com/41028267/r/il/f547e7/5972483024/il_1140xN.5972483024_quo3.jpg"
1727179329,"Specular Hematite with Quartz, Guangdong China, 712 g, 13 x 6 x 7 cm | Large Cabinet","A piece of specularite with light hematite coating on the quartz spires. Weighing 712 grams and measuring 13 x 6 x 7 cm, this piece was collected in Guangdong, China, and would make a spectacular addition to any collection.",https://shop.hunterrockandmineral.com/piece/1727179329/,https://i.etsystatic.com/41028267/r/il/87c9c9/6020555981/il_1140xN.6020555981_5nii.jpg,175.00 USD,in stock,new,Hunter Rock and Mineral,Arts & Entertainment > Hobbies & Creative Arts > Collectibles > Rocks & Fossils,"https://i.etsystatic.com/41028267/r/il/a242cb/5972475574/il_1140xN.5972475574_2epn.jpg,https://i.etsystatic.com/41028267/r/il/412c7b/5972475576/il_1140xN.5972475576_li4l.jpg,https://i.etsystatic.com/41028267/r/il/1396b0/6020555991/il_1140xN.6020555991_4wum.jpg"
1726165349,"Blueberry Fluorite, Inner Mongolia China, 891 g, 12 x 13 x 5 cm | Large Cabinet","This is a gorgeous piece of blueberry fluorite. Weighing 891 grams and measuring 12 x 13 x 5 cm, this piece comes from Inner Mongolia, China and would make an excellent addition to any collection.",https://shop.hunterrockandmineral.com/piece/1726165349/,https://i.etsystatic.com/41028267/r/il/c9ada8/6016207651/il_1140xN.6016207651_5ikl.jpg,90.00 USD,in stock,new,Hunter Rock and Mineral,Arts & Entertainment > Hobbies & Creative Arts > Collectibles > Rocks & Fossils,"https://i.etsystatic.com/41028267/r/il/fa6ab5/5968127262/il_1140xN.5968127262_tobg.jpg,https://i.etsystatic.com/41028267/r/il/95e02f/6016207653/il_1140xN.6016207653_38dy.jpg,https://i.etsystatic.com/41028267/r/il/d1ab07/5968127260/il_1140xN.5968127260_iap5.jpg"
1725446853,"Vivianite, Amazonas Brazil, 3.7 kg, 24 x 18 x 8 cm | Large Cabinet","A large sample of vivianite in matrix. This piece was collected in Amazonas, Brazil, weighs 3708 grams, and measures 24 x 18 x 8 cm.",https://shop.hunterrockandmineral.com/piece/1725446853/,https://i.etsystatic.com/41028267/r/il/7e433c/6013233941/il_1140xN.6013233941_iwz1.jpg,575.00 USD,in stock,new,Hunter Rock and Mineral,Arts & Entertainment > Hobbies & Creative Arts > Collectibles > Rocks & Fossils,"https://i.etsystatic.com/41028267/r/il/81a6d8/6013233949/il_1140xN.6013233949_lpah.jpg,https://i.etsystatic.com/41028267/r/il/4bda99/6013233953/il_1140xN.6013233953_kim0.jpg,https://i.etsystatic.com/41028267/r/il/8f06fb/6013233957/il_1140xN.6013233957_akyz.jpg"
1712993612,"Specular Hematite with Quartz, Guangdong China, 3.3 kg, 23 x 14 x 12 cm | Collector Grade | Large Cabinet","A large, collection grade piece of specularite. Weighing 3283 grams and measuring 23 x 14 x 12 cm, this piece was collected in Guangdong, China, and would make a spectacular addition to any collection, or an eye catching centerpiece in your home.",https://shop.hunterrockandmineral.com/piece/1712993612/,https://i.etsystatic.com/41028267/r/il/60e2d4/6020545859/il_1140xN.6020545859_pyki.jpg,1195.00 USD,in stock,new,Hunter Rock and Mineral,Arts & Entertainment > Hobbies & Creative Arts > Collectibles > Rocks & Fossils,"https://i.etsystatic.com/41028267/r/il/db4a35/6020545915/il_1140xN.6020545915_mgtu.jpg,https://i.etsystatic.com/41028267/r/il/b1ad0a/5972465380/il_1140xN.5972465380_5g09.jpg,https://i.etsystatic.com/41028267/r/il/f2bff9/5972465382/il_1140xN.5972465382_thtq.jpg"
1712991114,"Specular Hematite with Quartz, Guangdong China, 4.4 kg, 25 x 18 x 11 cm | Museum Grade | Large Cabinet","A large, museum grade piece of specularite. Weighing 4448 grams and measuring 25 x 18 x 11 cm, this piece was collected in Guangdong, China, and would make a spectacular addition to any collection, or an eye catching centerpiece in your home.",https://shop.hunterrockandmineral.com/piece/1712991114/,https://i.etsystatic.com/41028267/r/il/275e5e/6020527163/il_1140xN.6020527163_eljq.jpg,1995.00 USD,in stock,new,Hunter Rock and Mineral,Arts & Entertainment > Hobbies & Creative Arts > Collectibles > Rocks & Fossils,"https://i.etsystatic.com/41028267/r/il/6dc832/5972446862/il_1140xN.5972446862_abvw.jpg,https://i.etsystatic.com/41028267/r/il/f88800/5972446866/il_1140xN.5972446866_nqyc.jpg,https://i.etsystatic.com/41028267/r/il/cd3617/6020527161/il_1140xN.6020527161_gizq.jpg"
1711976260,"Cubic Green Fluorite, Hunan China, 2.3 kg, 24 x 13 x 8 cm | Large Cabinet","This is a gorgeous, cabinet sized piece of green cubic fluorite. Weighing 2316 grams and measuring 24 x 13 x 8 cm, this piece comes from Hunan, China and would make an excellent addition to any collection or an eye catching center piece for your home.",https://shop.hunterrockandmineral.com/piece/1711976260/,https://i.etsystatic.com/41028267/r/il/853676/5968090946/il_1140xN.5968090946_7qit.jpg,595.00 USD,in stock,new,Hunter Rock and Mineral,Arts & Entertainment > Hobbies & Creative Arts > Collectibles > Rocks & Fossils,"https://i.etsystatic.com/41028267/r/il/64033e/5968090940/il_1140xN.5968090940_i13g.jpg,https://i.etsystatic.com/41028267/r/il/517ab9/5968090944/il_1140xN.5968090944_8qxi.jpg,https://i.etsystatic.com/41028267/r/il/029a48/6016172027/il_1140xN.6016172027_lsy2.jpg"
1711262482,"Vivianite, Amazonas Brazil, 1.8 kg, 16 x 14 x 11 cm | Large Cabinet","A large sample of vivianite in matrix. This piece was collected in Amazonas, Brazil, weighs 1831 grams, and measures 16 x 14 x 11 cm.",https://shop.hunterrockandmineral.com/piece/1711262482/,https://i.etsystatic.com/41028267/r/il/1398c2/5965131168/il_1140xN.5965131168_s3m4.jpg,675.00 USD,in stock,new,Hunter Rock and Mineral,Arts & Entertainment > Hobbies & Creative Arts > Collectibles > Rocks & Fossils,"https://i.etsystatic.com/41028267/r/il/956fae/6013211007/il_1140xN.6013211007_a9t8.jpg,https://i.etsystatic.com/41028267/r/il/6a36ed/5965131160/il_1140xN.5965131160_fmx0.jpg,https://i.etsystatic.com/41028267/r/il/3b09a7/6013211013/il_1140xN.6013211013_4n4n.jpg"
1693395478,"Dyscrasite on matrix, Bou Azzer Mine Morocco, 398 g, 23 x 7 x 7 cm | Museum Grade | Large Cabinet","This is an incredible piece: a museum collections grade spire of dyscrasite (silver antimonide) crystals on a matrix of marble and native silver. Measuring 23 x 7 x 7 cm and weighing approximately 398 g, this piece was collected in Bou Azzer Mine in Morocco. Please note that this is an exceptionally delicate piece intended for display in a safe place it will not be bumped or knocked. The stand is included unless otherwise requested.",https://shop.hunterrockandmineral.com/piece/1693395478/,https://i.etsystatic.com/41028267/r/il/992e91/5891060412/il_1140xN.5891060412_5i5n.jpg,2995.00 USD,in stock,new,Hunter Rock and Mineral,Arts & Entertainment > Hobbies & Creative Arts > Collectibles > Rocks & Fossils,"https://i.etsystatic.com/41028267/r/il/b2fe98/5939132015/il_1140xN.5939132015_2q8y.jpg,https://i.etsystatic.com/41028267/r/il/56d165/5939132009/il_1140xN.5939132009_3ebg.jpg,https://i.etsystatic.com/41028267/r/il/a9b0d9/5891051074/il_1140xN.5891051074_jncs.jpg"
1625383022,Lepidolite in Matrix,"Lavender colored books of lepidolite tumble through a matrix of cleavelandite. This piece weighs 828 g and comes from Skardu, Pakistan.",https://shop.hunterrockandmineral.com/piece/1625383022/,https://i.etsystatic.com/41028267/r/il/2b390d/5655614699/il_1140xN.5655614699_j4av.jpg,245.00 USD,in stock,new,Hunter Rock and Mineral,Arts & Entertainment > Hobbies & Creative Arts > Collectibles > Rocks & Fossils,"https://i.etsystatic.com/41028267/r/il/d7d19d/5607527794/il_1140xN.5607527794_co07.jpg,https://i.etsystatic.com/41028267/r/il/e2ab03/5607527858/il_1140xN.5607527858_klnn.jpg,https://i.etsystatic.com/41028267/r/il/556200/5607527862/il_1140xN.5607527862_ew5j.jpg"
1625366612,"Geometric Muscovite with Feldspar, Urundu Mine Pakistan, 2.2 kg","A geometric, euhedral, high luster muscovite book perched on a pedestal of microcline. It doesn't always have to be a fancy gem stone to be a beautiful piece. This piece weighs 2183 grams and is from Urundu Mine, Shigar Valley, Pakistan.",https://shop.hunterrockandmineral.com/piece/1625366612/,https://i.etsystatic.com/41028267/r/il/97abc2/5655570475/il_1140xN.5655570475_4xj0.jpg,560.00 USD,in stock,new,Hunter Rock and Mineral,Arts & Entertainment > Hobbies & Creative Arts > Collectibles > Rocks & Fossils,"https://i.etsystatic.com/41028267/r/il/7e6083/5655567129/il_1140xN.5655567129_syvp.jpg,https://i.etsystatic.com/41028267/r/il/b1bac0/5655567131/il_1140xN.5655567131_3tpp.jpg,https://i.etsystatic.com/41028267/r/il/f3177e/5607480022/il_1140xN.5607480022_bwr5.jpg"
1589532441,"Chatoyant Malachite, Shilu Mine China, 673 g, 19 x 9 x 5 cm | Large Cabinet","A large piece of natural, unpolished malachite that catches the light from every angle - front and back! Collected in Shilu Mine, Guangdong Province, China, this piece measures 19 x 9 x 5 cm and weighs 673 grams.",https://shop.hunterrockandmineral.com/piece/1589532441/,https://i.etsystatic.com/41028267/r/il/a57e0e/5405647278/il_1140xN.5405647278_dvkd.jpg,1400.00 USD,in stock,new,Hunter Rock and Mineral,Arts & Entertainment > Hobbies & Creative Arts > Collectibles > Rocks & Fossils,"https://i.etsystatic.com/41028267/r/il/a97cf8/5405589710/il_1140xN.5405589710_7qa1.jpg,https://i.etsystatic.com/41028267/r/il/514fe0/5405589702/il_1140xN.5405589702_lv7p.jpg,https://i.etsystatic.com/41028267/r/il/1f89c5/5405589700/il_1140xN.5405589700_9m3v.jpg"
1539892355,Green Cap Tourmaline with Quartz and Muscovite,"A euhedrally terminated, green cap tourmaline (~1cm) embedded in gorgeous, high luster white muscovite and vitreous, clear, beautifully terminated quartz. The sample is 48g, with dimensions of 5 x 4.5 x 2 cm, and was collected in Skardu, Pakistan.",https://shop.hunterrockandmineral.com/piece/1539892355/,https://i.etsystatic.com/41028267/r/il/8e6573/5213992399/il_1140xN.5213992399_35xx.jpg,70.00 USD,in stock,new,Hunter Rock and Mineral,Arts & Entertainment > Hobbies & Creative Arts > Collectibles > Rocks & Fossils,"https://i.etsystatic.com/41028267/r/il/73fd10/5213992503/il_1140xN.5213992503_4d5l.jpg,https://i.etsystatic.com/41028267/r/il/d0ea72/5165761402/il_1140xN.5165761402_a1t8.jpg"
1531679593,"Topaz with Smoky Quartz, Vietnam, 8 g, 2 x 1 x 2.5 cm | Miniature","This specimen is small, but perfect! A beautiful, gemmy, euhedrally terminated topaz crystal with smoky quartz. This 8g undamaged topaz sample measures 2 x 1 x 2.5 cm and was collected in Vietnam.",https://shop.hunterrockandmineral.com/piece/1531679593/,https://i.etsystatic.com/41028267/r/il/9c51bf/5175739891/il_1140xN.5175739891_oilh.jpg,150.00 USD,in stock,new,Hunter Rock and Mineral,Arts & Entertainment > Hobbies & Creative Arts > Collectibles > Rocks & Fossils,"https://i.etsystatic.com/41028267/r/il/d35e05/5175740517/il_1140xN.5175740517_rfqc.jpg,https://i.etsystatic.com/41028267/r/il/2455a1/5127514676/il_1140xN.5127514676_i9y6.jpg,https://i.etsystatic.com/41028267/r/il/1981a6/5127514728/il_1140xN.5127514728_4mme.jpg"
1531677463,"Topaz with Smoky Quartz, Vietnam, 32 g, 2 x 2.5 x 4 cm | Miniature","A beautiful, gemmy topaz crystal with smoky quartz. This 32g topaz sample measures 2 x 2.5 x 4 cm and was collected in Vietnam.",https://shop.hunterrockandmineral.com/piece/1531677463/,https://i.etsystatic.com/41028267/r/il/b28d33/5175735923/il_1140xN.5175735923_gv9v.jpg,95.00 USD,in stock,new,Hunter Rock and Mineral,Arts & Entertainment > Hobbies & Creative Arts > Collectibles > Rocks & Fossils,"https://i.etsystatic.com/41028267/r/il/db6818/5175735171/il_1140xN.5175735171_ldhm.jpg,https://i.etsystatic.com/41028267/r/il/cd5b83/5175735827/il_1140xN.5175735827_q5ml.jpg"
1527159156,Green Cap Tourmaline with Quartz and Feldspar,"A euhedrally terminated, green cap tourmaline (~1.5cm) embedded in vitreous, clear, beautifully terminated quartz. The sample is 42g, with dimensions of 5 x 3 x 3 cm, and was collected in Skardu, Pakistan.",https://shop.hunterrockandmineral.com/piece/1527159156/,https://i.etsystatic.com/41028267/r/il/5b7a02/5172796766/il_1140xN.5172796766_pkqv.jpg,60.00 USD,in stock,new,Hunter Rock and Mineral,Arts & Entertainment > Hobbies & Creative Arts > Collectibles > Rocks & Fossils,"https://i.etsystatic.com/41028267/r/il/ec447f/5221029909/il_1140xN.5221029909_9ttv.jpg,https://i.etsystatic.com/41028267/r/il/7031e3/5221030015/il_1140xN.5221030015_lrkd.jpg,https://i.etsystatic.com/41028267/r/il/b956a3/5172797064/il_1140xN.5172797064_hne9.jpg"
1516049630,"Topaz with Smoky Quartz, Vietnam, 48 g, 3 x 2.5 x 4.5 cm | Miniature","A beautiful, gemmy topaz crystal with rutilated smoky quartz. This 48g undamaged topaz sample measures 3 x 2.5 x 4.5 cm and was collected in Vietnam.",https://shop.hunterrockandmineral.com/piece/1516049630/,https://i.etsystatic.com/41028267/r/il/fedad6/5120833230/il_1140xN.5120833230_c895.jpg,150.00 USD,in stock,new,Hunter Rock and Mineral,Arts & Entertainment > Hobbies & Creative Arts > Collectibles > Rocks & Fossils,"https://i.etsystatic.com/41028267/r/il/fa3a56/5169060235/il_1140xN.5169060235_6h3p.jpg,https://i.etsystatic.com/41028267/r/il/a4f48a/5169060385/il_1140xN.5169060385_gcrt.jpg,https://i.etsystatic.com/41028267/r/il/e6af86/5120833670/il_1140xN.5120833670_oqp0.jpg"
1492720339,"Glassy Selenite, China, 370 g","A large, clear, glassy selenite crystal with several euhedral faces and internal streaks of red clay. Mined in China, this piece weighs 370 grams.",https://shop.hunterrockandmineral.com/piece/1492720339/,https://i.etsystatic.com/41028267/r/il/da1648/5001705165/il_1140xN.5001705165_h37t.jpg,175.00 USD,in stock,new,Hunter Rock and Mineral,Arts & Entertainment > Hobbies & Creative Arts > Collectibles > Rocks & Fossils,"https://i.etsystatic.com/41028267/r/il/87fbba/4953437848/il_1140xN.4953437848_ojsm.jpg,https://i.etsystatic.com/41028267/r/il/a5c738/5001703313/il_1140xN.5001703313_jy2e.jpg"
1481783539,"Smoky Quartz with Feldspar, Skardu Pakistan, 2.9 kg | Statement Piece","One large smoky quartz crystal in cream colored feldspar matrix. This visually striking piece is a great statement piece or addition to any collection! Mined in Skardu, Pakistan, this sample weighs 2910 grams.",https://shop.hunterrockandmineral.com/piece/1481783539/,https://i.etsystatic.com/41028267/r/il/1e4fc1/4953080995/il_1140xN.4953080995_ol6h.jpg,395.00 USD,in stock,new,Hunter Rock and Mineral,Arts & Entertainment > Hobbies & Creative Arts > Collectibles > Rocks & Fossils,"https://i.etsystatic.com/41028267/r/il/3aa2fc/4904811234/il_1140xN.4904811234_4vbp.jpg,https://i.etsystatic.com/41028267/r/il/0fc97b/4904811246/il_1140xN.4904811246_4fqe.jpg,https://i.etsystatic.com/41028267/r/il/e88093/4953081035/il_1140xN.4953081035_5jjc.jpg"
1478315247,"Quartz with Epidote, Skardu Pakistan, 8.8 kg | Statement Piece","This beautiful statement piece is a large cluster of perfect, euhedral and terminated quartz crystals with epidote. Some clear, vitreous quartz crystals have epidote inclusions suspended within them. Weighing in at 8850 grams, this piece was collected in Skardu, Pakistan.",https://shop.hunterrockandmineral.com/piece/1478315247/,https://i.etsystatic.com/41028267/r/il/f059e4/4889941824/il_1140xN.4889941824_2icw.jpg,749.00 USD,in stock,new,Hunter Rock and Mineral,Arts & Entertainment > Hobbies & Creative Arts > Collectibles > Rocks & Fossils,"https://i.etsystatic.com/41028267/r/il/780d97/4889941826/il_1140xN.4889941826_bpqi.jpg,https://i.etsystatic.com/41028267/r/il/4e5de6/4938211611/il_1140xN.4938211611_hsgo.jpg,https://i.etsystatic.com/41028267/r/il/04d9af/4889941836/il_1140xN.4889941836_bi4z.jpg"
1476311251,"Twinned Zircon, Skardu Pakistan, 212 g, 10.5 x 5.5 x 3 cm | Cabinet","A large, twinned, euhedral zircon in matrix with deep red wine color and vitreous luster. There are several smaller accompanying zircons, as well. Weighing 212 grams, this zircon was collected in the Astor Valley, Skardu, Pakistan. The dimensions of this zircon are 22 x 30 x 20 mm, and the dimensions of the specimen are 105 x 55 x 30 mm.",https://shop.hunterrockandmineral.com/piece/1476311251/,https://i.etsystatic.com/41028267/r/il/a2c90d/4929523509/il_1140xN.4929523509_duhh.jpg,275.00 USD,in stock,new,Hunter Rock and Mineral,Arts & Entertainment > Hobbies & Creative Arts > Collectibles > Rocks & Fossils,"https://i.etsystatic.com/41028267/r/il/02d05c/4929522587/il_1140xN.4929522587_krjk.jpg,https://i.etsystatic.com/41028267/r/il/726401/4881249332/il_1140xN.4881249332_qwqw.jpg"
1476301641,"Fluorite with Dogtooth Calcite, Balochistan Pakistan, 1.2 kg","Lavender fluorite dusted with a fine coating of calcite on one side as well as two large, sparry calcite crystals. This piece is a floater and truly has no bad side. Weighing 1225 grams, this piece was collected from Balochistan, Pakistan.",https://shop.hunterrockandmineral.com/piece/1476301641/,https://i.etsystatic.com/41028267/r/il/724fe1/4881233204/il_1140xN.4881233204_9n4a.jpg,225.00 USD,in stock,new,Hunter Rock and Mineral,Arts & Entertainment > Hobbies & Creative Arts > Collectibles > Rocks & Fossils,"https://i.etsystatic.com/41028267/r/il/bf343c/4881233190/il_1140xN.4881233190_en9g.jpg,https://i.etsystatic.com/41028267/r/il/86fe9f/4881233316/il_1140xN.4881233316_gh2d.jpg,https://i.etsystatic.com/41028267/r/il/6884bd/4881233194/il_1140xN.4881233194_ijwk.jpg"
1476012653,"Cubic Fluorite, Balochistan Pakistan, 525 g","Perfect cubes of translucent, purple fluorite are lightly dusted with fine calcite. The back of this piece is coated in calcite as well, with several large, sparry crystals. Weighing in at 525 grams, this sample was collected in Balochistan, Pakistan.",https://shop.hunterrockandmineral.com/piece/1476012653/,https://i.etsystatic.com/41028267/r/il/2745e9/4880104334/il_1140xN.4880104334_6tpr.jpg,350.00 USD,in stock,new,Hunter Rock and Mineral,Arts & Entertainment > Hobbies & Creative Arts > Collectibles > Rocks & Fossils,"https://i.etsystatic.com/41028267/r/il/f05bc5/4928368651/il_1140xN.4928368651_k569.jpg,https://i.etsystatic.com/41028267/r/il/15404c/4928368669/il_1140xN.4928368669_svf4.jpg,https://i.etsystatic.com/41028267/r/il/2a4a23/4880096774/il_1140xN.4880096774_o002.jpg"
1475954573,"Quartz with Feldspar and Garnet, Skardu Pakistan, 1.8 kg | Statement Piece","A beautiful statement piece of euhedral, terminated quartz in feldspar matrix sprinkled with small, half centimeter sized garnets. This specimen was collected in Skardu, Pakistan and weighs 1797 grams.",https://shop.hunterrockandmineral.com/piece/1475954573/,https://i.etsystatic.com/41028267/r/il/100801/4928146059/il_1140xN.4928146059_sum8.jpg,495.00 USD,in stock,new,Hunter Rock and Mineral,Arts & Entertainment > Hobbies & Creative Arts > Collectibles > Rocks & Fossils,https://i.etsystatic.com/41028267/r/il/c26e79/4879872990/il_1140xN.4879872990_aa4k.jpg
1475937179,"Tourmalinated Cathedral Quartz, Chapko Mine Pakistan, 740 g","Another incredible tourmalinated piece! This is a cathedral quartz floater, terminated on both ends that has been tourmalinated by candy-apple green elbaite. This gorgeous piece has no bad side! Collected in Skardu, Pakistan from the Chapko mine, this piece weighs 740 grams.",https://shop.hunterrockandmineral.com/piece/1475937179/,https://i.etsystatic.com/41028267/r/il/c9aa92/4879726232/il_1140xN.4879726232_331b.jpg,1100.00 USD,in stock,new,Hunter Rock and Mineral,Arts & Entertainment > Hobbies & Creative Arts > Collectibles > Rocks & Fossils,"https://i.etsystatic.com/41028267/r/il/cd0a99/4879726204/il_1140xN.4879726204_o1u2.jpg,https://i.etsystatic.com/41028267/r/il/966aa5/4879726216/il_1140xN.4879726216_l05g.jpg,https://i.etsystatic.com/41028267/r/il/95e3cf/4879726228/il_1140xN.4879726228_occn.jpg"
1475601687,"Fluorite with Dogtooth Calcite, Balochistan Pakistan, 258 g","Lavender, cubic fluorite with a matte luster complimented by one large sage-colored spire of dogtooth calcite. This sample was mined in Balochistan, Pakistan and weighs 258 grams.",https://shop.hunterrockandmineral.com/piece/1475601687/,https://i.etsystatic.com/41028267/r/il/b9b19e/4926570507/il_1140xN.4926570507_lgus.jpg,125.00 USD,in stock,new,Hunter Rock and Mineral,Arts & Entertainment > Hobbies & Creative Arts > Collectibles > Rocks & Fossils,"https://i.etsystatic.com/41028267/r/il/fffca6/4878301374/il_1140xN.4878301374_e2yb.jpg,https://i.etsystatic.com/41028267/r/il/d485f0/4878301380/il_1140xN.4878301380_3i6d.jpg,https://i.etsystatic.com/41028267/r/il/9cceeb/4878301378/il_1140xN.4878301378_5lir.jpg"
1463270524,"Quartz with Feldspar, Skardu Pakistan, 1.4 kg | Statement Piece","Twinned smoky quartz in cream colored feldspar matrix. This visually striking piece is self-standing, and is an great statement piece or addition to any collection! Mined in Skardu, Pakistan, this sample weighs 1350 grams.",https://shop.hunterrockandmineral.com/piece/1463270524/,https://i.etsystatic.com/41028267/r/il/e3421b/4886037640/il_1140xN.4886037640_eagr.jpg,380.00 USD,in stock,new,Hunter Rock and Mineral,Arts & Entertainment > Hobbies & Creative Arts > Collectibles > Rocks & Fossils,"https://i.etsystatic.com/41028267/r/il/2c7568/4934308661/il_1140xN.4934308661_s2b5.jpg,https://i.etsystatic.com/41028267/r/il/cd41ab/4934307179/il_1140xN.4934307179_4k2y.jpg,https://i.etsystatic.com/41028267/r/il/b28686/4934456183/il_1140xN.4934456183_d3q2.jpg"
1461755846,"Quartz with Feldspar and Garnet, Skardu Pakistan, 2.2 kg | Statement Piece","A beautiful statement piece of euhedral, terminated quartz in feldspar matrix sprinkled with small, half centimeter sized garnets. This specimen was collected in Skardu, Pakistan and weighs 2230 grams.",https://shop.hunterrockandmineral.com/piece/1461755846/,https://i.etsystatic.com/41028267/r/il/cf4708/4928121921/il_1140xN.4928121921_1fnv.jpg,600.00 USD,in stock,new,Hunter Rock and Mineral,Arts & Entertainment > Hobbies & Creative Arts > Collectibles > Rocks & Fossils,"https://i.etsystatic.com/41028267/r/il/6908f9/4928121949/il_1140xN.4928121949_nzls.jpg,https://i.etsystatic.com/41028267/r/il/55d84f/4928121965/il_1140xN.4928121965_h9ml.jpg,https://i.etsystatic.com/41028267/r/il/6657a8/4928122135/il_1140xN.4928122135_rg5m.jpg"
1461752230,"Quartz with Feldspar and Garnet, Skardu Pakistan, 2 kg | Statement Piece","A beautiful statement piece of euhedral, terminated quartz in feldspar matrix lightly sprinkled with small, half centimeter sized garnets. This specimen was collected in Skardu, Pakistan and weighs 1962 grams.",https://shop.hunterrockandmineral.com/piece/1461752230/,https://i.etsystatic.com/41028267/r/il/5dab9c/4879816868/il_1140xN.4879816868_8tb3.jpg,350.00 USD,in stock,new,Hunter Rock and Mineral,Arts & Entertainment > Hobbies & Creative Arts > Collectibles > Rocks & Fossils,"https://i.etsystatic.com/41028267/r/il/7497f4/4879807498/il_1140xN.4879807498_34x9.jpg,https://i.etsystatic.com/41028267/r/il/7bf0b4/4879807494/il_1140xN.4879807494_ccit.jpg,https://i.etsystatic.com/41028267/r/il/62f49b/4928079453/il_1140xN.4928079453_1ne4.jpg"
1418502206,Rhodochrosite Blade,"A large, delicate blade of grapefruit pink rhodochrosite, not something you see every day! This piece is translucent, and is an incredible addition to a collection or a beautiful and tasteful accent decoration. Weighing in at 34 grams, this piece was mined from Wutong Mine, Liubao, Cangwu County, China.",https://shop.hunterrockandmineral.com/piece/1418502206/,https://i.etsystatic.com/41028267/r/il/d431ab/4705866412/il_1140xN.4705866412_ggld.jpg,600.00 USD,in stock,new,Hunter Rock and Mineral,Arts & Entertainment > Hobbies & Creative Arts > Collectibles > Rocks & Fossils,"https://i.etsystatic.com/41028267/r/il/3cec9f/4695803262/il_1140xN.4695803262_jx5a.jpg,https://i.etsystatic.com/41028267/r/il/9f51c5/4695804348/il_1140xN.4695804348_j3k0.jpg,https://i.etsystatic.com/41028267/r/il/48c354/4744031155/il_1140xN.4744031155_ioau.jpg"
